route,hour,dow,off,kind,hol,hol_wd,preh,wsat,blen,bpos,school,restr,L_work,L_wdow,L_sat,L_sun,L_sat_any,L_sun_any,lag_school,B
5,15,2,0,0,0,0,0,0,0,0,0,0,1.8732884378260457,2.4518258560182113,1.7857535805747893,1.5244237882955516,1.7857535805747893,1.5244237882955516,0.32142857142857145,2.4518258560182113
7,13,2,0,0,0,0,0,0,0,0,0,0,1.696969696969697,1.6888773283623069,1.5278391930752446,1.2324677389055072,1.5278391930752446,1.2324677389055072,0.21428571428571427,1.6888773283623069
3,20,2,0,0,0,0,0,0,0,0,1,0,1.093347005887449,1.1561676773748697,0.7004826647336504,0.5133572603030357,0.7004826647336504,0.5133572603030357,0.14285714285714285,1.1561676773748697
4,15,3,0,0,0,0,0,0,0,0,0,0,1.8985064883490426,1.86874897319034,1.9060894844898701,1.7483018880241628,1.9060894844898701,1.7483018880241628,0.36363636363636365,1.86874897319034
5,10,3,0,0,0,0,0,0,0,0,0,0,1.1867283352781939,1.1661981678942122,0.9714790545616032,0.6783421285119691,0.9714790545616032,0.6783421285119691,0.32142857142857145,1.1661981678942122
0,5,3,0,0,0,0,0,0,0,0,0,0,0.23377726381754624,0.2563488617033783,0.03923158680156523,0.038694167804283516,0.03923158680156523,0.038694167804283516,0.25,0.2563488617033783
8,8,4,0,0,0,0,0,0,0,0,0,0,4.08760535069416,3.8215731842750156,0.6698127890137197,0.5062425644502244,0.6698127890137197,0.5062425644502244,0.34782608695652173,3.8215731842750156
7,5,1,0,0,0,0,0,0,0,0,1,0,0.254852496612113,0.23239167448486744,0.15344522047326176,0.110080266861253,0.15344522047326176,0.110080266861253,1.0,0.23239167448486744
6,10,2,0,0,0,0,0,0,0,0,0,0,1.7803894207288467,1.5655743029474816,1.0460515394220522,0.9404224298255954,1.0460515394220522,0.9404224298255954,0.6785714285714286,1.5655743029474816
1,1,4,0,0,0,0,0,0,0,0,1,0,0.025518881432324413,0.021962971724541504,0.032072911089806644,0.03242152968860889,0.032072911089806644,0.03242152968860889,0.9642857142857143,0.021962971724541504
2,17,0,0,0,0,0,0,0,0,0,1,0,2.192779061096055,2.1175406367279628,1.1693191946015753,1.1288479843819155,1.1693191946015753,1.1288479843819155,0.8214285714285714,2.1175406367279628
6,8,4,0,0,0,0,0,0,0,0,1,0,2.9578397537948304,2.6845224779499115,0.728781201879117,0.504989911582459,0.728781201879117,0.504989911582459,0.21428571428571427,2.6845224779499115
2,21,2,1,2,1,1,0,0,8,8,1,0,,,1.0188058952999193,1.1170980414008302,1.0188058952999193,1.1170980414008302,1.0,1.1170980414008302
2,17,6,1,2,0,0,0,0,2,2,1,0,2.06414013380069,,1.4030951705455443,1.255493424364172,1.4030951705455443,1.255493424364172,1.0,1.255493424364172
4,4,6,1,2,1,0,0,0,4,4,1,0,0.012150314945384605,,0.003037578736346151,0.0027000699878632455,0.003037578736346151,0.0027000699878632455,0.7857142857142857,0.0027000699878632455
7,13,1,0,0,0,0,0,0,0,0,0,0,1.6338429704563742,1.7220370157489366,1.3116450166685827,1.1772617542246235,1.3116450166685827,1.1772617542246235,0.0,1.7220370157489366
2,21,6,1,2,0,0,0,0,2,2,1,0,0.7562792004119658,,0.5445063433359862,0.48919058096531065,0.5445063433359862,0.48919058096531065,0.2857142857142857,0.48919058096531065
4,14,2,0,0,0,0,0,0,0,0,0,0,1.4566515273685505,1.5099810560615199,1.6639652278929138,1.4814116656902865,1.6639652278929138,1.4814116656902865,0.35714285714285715,1.5099810560615199
5,3,2,0,0,0,0,0,0,0,0,1,0,0.0,0.0,0.0,0.0,0.0,0.0,1.0,0.0
8,4,0,0,0,0,0,0,0,0,0,1,0,0.007042343721799478,0.0034777006033577663,0.0017388503016788832,0.0013041377262591625,0.0017388503016788832,0.0013041377262591625,1.0,0.0034777006033577663
